-6.672418458,-1.206198345,-1.081049865,0
1.675597633,0.614994315,-0.971600142,0
-4.039058037,0.335102375,0.544617531,1
0.793526018,-0.235276676,0.551770529,1
3.820273367,-0.274690994,0.454743377,1
-4.914810602,1.232170159,-0.663065232,0
6.396710693,-0.364425071,-1.018175459,0
3.033109327,-1.313128968,1.392082758,1
1.711345962,-0.042843299,-1.122016648,0
0.312039997,0.00986085,1.174191014,1
3.248662267,0.114257211,-1.021754019,0
2.507292041,-0.783282998,0.850310011,1
2.048061597,0.542408901,-0.972869613,0
-3.084155173,-0.360282934,-1.003070469,0
1.915977399,-0.533046552,2.006666733,1
-0.231430144,-1.986422099,-0.842387849,0
4.044079982,-0.802847274,-0.981360785,0
1.716560753,1.209456867,-0.998481397,0
0.652194921,0.060135097,1.452560675,1
-0.98459053,0.536691305,0.905907986,1
-0.386523615,0.590570294,-0.965610729,0
1.684897686,-2.08681004,1.370179348,1
0.848860684,0.462297319,-1.211695151,0
0.500927372,1.150677517,1.029315657,1
3.854203668,-0.300834771,-0.792437188,0
4.434619956,-0.472308197,1.369213788,1
-3.850458681,1.65830428,-0.738362386,0
6.210623954,1.790530741,-0.957377336,0
0.907168852,0.394329424,0.694756196,1
2.461244821,0.752663117,-1.225644585,0
4.08556127,-0.88536789,1.299961374,1
2.522763571,0.84936182,-0.823579254,0
-0.533398897,-1.835845403,0.224769761,1
1.06107058,-1.671213739,-1.051093215,0
3.022662386,1.410221947,-1.149313315,0
1.153673431,-0.327073334,1.036513163,1
-0.458827834,-1.951145635,0.449523754,1
3.587794035,-1.389999889,-0.987306155,0
2.469628509,0.07265701,1.833526614,1
1.625268735,-0.401773325,0.859081554,1
-3.216756634,1.561052386,0.938677302,1
2.16626748,-1.057958601,1.644656528,1
-6.364170142,-1.045165181,-0.856445805,0
2.448787174,1.267018971,0.656330097,1
1.901992795,2.637999137,0.403517378,1
-2.592100413,0.769058679,-0.917240426,0
1.321334936,0.671035795,-1.071055857,0
-2.309616839,-1.416158306,0.120581476,1
-1.078096625,0.435536013,0.946562656,1
-2.099623763,0.721745963,-0.938552228,0
-1.802306277,0.172528127,-0.99247003,0
3.275885465,1.201651735,-0.795321887,0
-5.853421283,0.66893023,-0.946452125,0
-1.213886441,0.095242941,0.783767901,1
2.405865338,0.600218708,0.687614408,1
-5.851363949,1.267922482,-0.878046122,0
-0.234375666,-0.638936837,1.480943356,1
2.06638244,-0.483979702,1.641802449,1
-0.380687229,-2.94673249,-1.219372065,0
-1.247130716,-0.43874096,-1.134617816,0
1.745922326,-0.353020312,1.868464452,1
-2.046425097,-0.703808022,1.297529553,1
-2.527023897,-0.723888333,1.890900999,1
-3.800100789,0.079001527,1.304866236,1
-3.273444188,1.327276678,0.469348657,1
2.650174224,2.634541164,-0.883476571,0
-1.727307597,-0.265196416,1.267465766,1
9.256745796,1.529727015,-0.90461557,0
-3.269943346,-1.752950079,-0.924871805,0
5.078677591,-1.100743868,-0.996899198,0
1.060331443,-1.211316955,0.940932113,1
2.283525735,0.974632738,0.169501764,1
1.292408316,0.033081343,0.96424282,1
0.221783959,2.649071066,-0.900212439,0
-2.110294062,-0.257167867,-0.870247887,0
6.157012216,0.887877096,-1.054587483,0
-2.308068503,-1.049303966,-0.979973702,0
-1.302132671,0.72434246,-1.13688874,0
3.240477719,-0.997768055,1.535875308,1
-4.232020822,-0.047489397,-1.008738121,0
3.115797009,0.306018199,-0.758257669,0
-1.826740975,1.310819556,0.666090326,1
-3.620098166,0.724403194,1.782713179,1
3.576955069,-0.855898737,0.434362151,1
5.000991261,-0.405840224,-0.975928599,0
-0.757650141,-0.644864175,-0.869123904,0
2.909486402,1.259835943,-0.867016859,0
-1.566472929,0.28407341,-0.91382574,0
1.535439226,-0.483855615,-1.028128731,0
-2.863781636,-0.325680424,0.424549808,1
4.721147831,0.301892358,-1.143047429,0
0.098785857,0.366455339,1.089534171,1
2.106279587,0.546555688,1.066192469,1
3.291208751,-0.342562792,-0.989939777,0
-1.362568432,0.244446503,-0.864452261,0
0.942623166,1.081425672,-1.172085419,0
0.960097561,0.855827183,-1.094303287,0
2.623236504,0.54403977,1.272996206,1
1.378542455,1.219193237,1.437889958,1
-1.873283311,-0.07623891,1.17503616,1
1.682049291,1.436851655,-0.893734072,0
1.813153495,0.606769503,0.863925376,1
-4.28570023,-0.143805884,-0.724610613,0
3.635065347,-1.074307634,-1.072296141,0
-7.014589475,-1.3448356,0.879134031,1
0.562671988,0.544580273,1.618966713,1
5.0134958,-0.001539692,1.970831186,1
-4.139355414,-1.991163699,1.214097923,1
1.551711981,1.753643142,0.458931937,1
2.242845893,1.867516532,-1.11099595,0
2.922573704,-0.496742766,-0.968831112,0
-0.414887091,-1.011241573,0.493791887,1
5.997404998,0.568292464,-1.028247276,0
0.828366179,-0.691186446,0.958335203,1
1.92033669,-1.320005273,0.776464989,1
-0.26931777,2.629963845,-0.813570137,0
2.136719393,0.138694223,-1.084670269,0
3.995487736,1.807222771,-0.728696247,0
-2.105164502,1.126337493,-1.136643677,0
-0.56502745,0.069910959,-0.958333801,0
2.29270423,0.025959109,1.264890761,1
4.283148169,0.86304635,1.308993113,1
-2.795775894,0.433326488,-1.208401441,0
-2.451486815,-0.511338318,-0.846622563,0
-4.316916929,-0.01535854,-1.036903865,0
-4.588785588,0.580542593,-1.010510111,0
-0.191639814,-0.08446937,1.394742072,1
-0.262530764,0.314906253,-0.913230749,0
-3.750897665,-0.969964032,0.658143729,1
-0.699185149,1.424820614,1.611357633,1
3.199672092,-0.776222922,1.710345251,1
0.727734887,0.575642858,0.680646017,1
-1.498789614,0.100198841,-0.711615018,0
-2.47688826,-0.597005115,-1.063187362,0
0.107123309,-0.444938094,0.674145041,1
3.914335494,-0.29129082,-1.273551781,0
-0.623674683,-0.591572534,-0.87845235,0
-5.489007193,-1.075607546,0.731941649,1
-1.071678899,0.649365761,-0.914222184,0
-3.712467383,0.067266514,1.252769921,1
1.733852573,0.984854322,-0.935266487,0
-1.786961029,0.940343926,0.766859175,1
3.193241714,1.202540054,-1.112921332,0
1.609780132,-0.116206014,1.201629685,1
-0.374640298,0.240659969,-0.920429316,0
1.233134202,-0.792179772,1.33671472,1
-3.704563664,0.694124454,-1.051642172,0
-3.732602877,-1.148985431,0.72192315,1
-4.623770081,0.863512594,-1.002980648,0
-0.59185126,3.06302874,0.927900987,1
4.421836912,-1.141484749,0.866416596,1
1.732611364,0.752043633,-0.814135214,0
-4.897466502,0.318787166,-1.023661529,0
-1.36943377,0.079066871,1.115173697,1
-3.769304896,0.560806237,1.570748687,1
-2.203507808,0.504741493,-0.744265254,0
0.02537413,-0.633817341,0.671871261,1
4.759511042,1.515125333,0.949815678,1
-0.918620654,-2.259197041,-0.798124241,0
3.653895596,0.604874519,0.149984413,1
-1.379228037,-0.827190159,-1.094565081,0
0.972635743,-0.685076979,1.295181496,1
-3.790935153,0.094350164,-0.928989608,0
3.760441552,-0.003585335,-0.942405497,0
-5.027164939,0.434070087,0.755336141,1
-2.135371838,-0.134605324,-1.213647579,0
-5.035611398,0.141497875,0.939588229,1
3.759018537,-1.049310996,-1.150684742,0
2.660202574,-1.428245811,-0.928002453,0
0.630835254,1.729302901,0.337338693,1
-3.754865889,0.001284883,1.310571579,1
4.324943765,0.731251486,0.558799242,1
-2.175848015,-1.631057965,0.718713628,1
1.498752241,0.468298144,1.442540491,1
1.814492957,1.65116678,1.569912279,1
-6.240296427,1.527226231,-1.155244555,0
2.145869988,0.553726524,-1.058871931,0
-0.358729626,0.991044388,-1.089695303,0
-3.307989702,0.231935697,0.241792405,1
1.295820757,-1.353321142,-0.970927003,0
3.515122111,-1.019253788,0.418496293,1
0.086213707,-1.268578615,1.199617528,1
0.794380264,-0.726623252,0.818393092,1
-0.700522594,-1.204469501,-1.084072808,0
-0.881612768,-1.312006735,1.222109465,1
0.471849916,-0.644285065,-1.034249985,0
-6.246344427,0.671488415,-0.928666535,0
0.254492357,0.752051047,-1.012663022,0
3.727108261,-0.420498804,-1.018663532,0
-3.073900348,0.28243903,1.041375344,1
2.532160598,-0.407955107,-0.869798623,0
2.118985893,-1.290809459,0.528379616,1
6.068834663,-1.323746064,-1.022944548,0
-3.857532031,-0.73194583,-1.21667522,0
0.765718543,-1.161911927,-1.13805059,0
2.351721607,0.780031037,1.655012164,1
-0.599887808,0.429214647,1.324759364,1
-0.764289316,0.35838264,0.808926433,1
-2.882180431,-0.921106631,-0.765924134,0
4.403425419,-0.811156412,-0.803821457,0
2.298339668,1.583999757,0.886927366,1
1.045069173,-0.718057486,1.266897956,1
0.926637105,-0.363979742,0.558712005,1
-2.520479479,-0.151290697,-0.924748696,0
-2.418309344,-0.308890983,-1.223873756,0
-0.212589413,0.493297163,-0.8812035,0
-1.09568596,-0.400683073,-1.039350578,0
3.476047978,-0.367750449,0.930823744,1
-3.369324649,0.215428368,-1.151290946,0
4.036886691,1.694322367,1.145800494,1
1.053323179,-0.24213959,-0.786515276,0
-1.808611122,1.145910949,-0.949050631,0
1.697520731,0.054237731,1.697094456,1
-0.656057542,-1.122582071,1.804587071,1
-2.061029825,2.209702566,0.981326633,1
1.918176306,-0.73225184,0.847400379,1
1.896086819,0.178673184,-1.070320286,0
1.105995793,-1.067778468,1.044663733,1
2.9328664,-0.387485579,-0.859864335,0
-1.725820258,-0.273863769,-1.183365432,0
2.873687018,1.229991211,-0.921168533,0
4.600940373,-1.811258458,1.526805937,1
0.379066014,0.052651277,-1.190209237,0
-0.992160465,-0.660131583,-1.032605989,0
-0.35544326,0.675968014,-0.906156425,0
0.636689799,0.296510134,-0.887319169,0
-2.551433188,0.163776172,-0.926391907,0
3.282657249,1.567566312,0.311686741,1
-2.493508417,1.657522357,1.189315237,1
-1.750566568,-1.206793582,1.023289373,1
3.544178318,0.837007477,1.229312892,1
0.344955238,0.325940967,0.432574645,1
-1.970817712,-0.820499017,1.332616325,1
1.039211877,-0.027796067,-0.741844207,0
-1.828654005,-0.053692635,-1.132710635,0
5.132064065,-0.981871656,0.924568957,1
-1.782670294,0.364598468,-1.202660093,0
-0.934217774,-0.17847825,-1.181538591,0
1.906665597,-0.022093774,-0.793936264,0
0.556558826,-1.130366075,-1.051984621,0
-5.731331786,-1.376239465,0.777561107,1
1.517900322,-1.369619949,0.895246447,1
2.314154209,1.318087129,1.594989941,1
-6.835984454,-0.078150008,-1.086274198,0
2.149578154,-1.6650048,-1.018847197,0
-1.585755789,-0.957401127,-1.03540591,0
-0.930200466,-1.689087393,-0.84266958,0
1.85205011,-1.650673328,-1.195918465,0
-1.698279266,0.074162015,-0.810006254,0
1.440069924,0.804471172,0.827757309,1
-1.638750659,0.036177399,-0.947268048,0
3.397535262,0.525308488,0.571818734,1
1.729810946,2.357008745,1.241315927,1
4.143016878,1.754428284,-0.934261829,0
3.870810482,-0.030477298,1.328830037,1
7.023616158,-1.225950542,-1.209394597,0
1.052745947,-1.843773036,1.814077428,1
5.347107143,-1.135831735,-0.879796489,0
-0.257286616,-1.324659458,-1.173737389,0
-2.442770188,0.970709801,-0.73102307,0
-1.862010536,-0.316313461,0.700756206,1
-5.772031783,0.614130285,-1.102645124,0
-1.075223953,-0.913941136,-1.110006012,0
5.575407491,-1.178177639,-1.032441549,0
0.076436726,0.638425406,1.374023512,1
1.896314308,-0.020428061,1.342514965,1
0.470571595,1.591749658,0.549623589,1
5.955243577,-2.000566222,-1.08206367,0
4.309633596,0.729309412,-1.101571661,0
0.150038314,1.003426144,-0.893772706,0
-3.951894669,0.58516119,-1.124182318,0
-0.564962612,0.689099173,0.877306801,1
-0.103413807,0.930801024,-0.853691709,0
-6.443768198,0.441790449,-0.759384682,0
1.487328883,-1.213513408,-0.8836486,0
1.226822321,0.71392905,1.52631357,1
-0.089938837,0.195812998,-1.369742133,0
2.076475406,1.109493755,1.189726171,1
3.402347341,1.425684155,1.162427001,1
-4.437793447,0.239970614,1.418150775,1
-0.404167939,-0.923656358,0.739504993,1
0.16825158,-0.086299471,-1.275138761,0
2.327787122,0.45276394,-0.984314372,0
2.953183108,0.103941747,1.383455608,1
4.277982828,-2.133094658,0.999851024,1
1.807681289,0.328218151,1.299791391,1
-1.999420595,0.662108413,1.116600634,1
0.0874922,0.881546377,-1.16563231,0
3.35686108,1.815875141,0.397590584,1
3.485944397,-1.006922102,-0.677162819,0
-5.166895378,-0.99180272,0.387878173,1
-0.961827692,-0.583809245,-1.028691525,0
3.558431682,1.351322397,-1.280771778,0
-0.484855532,1.83707074,1.073937585,1
2.085703369,0.376965012,0.816705584,1
1.506052008,1.174033846,1.624769803,1
1.409653646,1.815033336,-1.120982353,0
0.251425304,1.883749222,-1.364541337,0
-4.672150942,2.926240788,-1.002954539,0
-0.567936344,-2.002565102,0.440062097,1
-0.656801102,0.677041775,1.317102429,1
-1.194606863,-0.281181726,-1.102909211,0
-1.318346307,-0.336476953,1.177327329,1
1.999385526,-0.678780581,-1.271321515,0
-0.132868502,0.346629404,-0.957365954,0
-2.761151367,1.127114704,-1.18706733,0
2.092845443,-0.250722276,0.961058868,1
-3.257337107,-0.196909374,-1.126711255,0
-0.854128609,1.064784999,-0.956991352,0
-0.994195121,1.500407491,0.60501544,1
-0.141780096,-1.348201556,-1.043719197,0
3.422226734,2.138834695,-0.9296094,0
-0.01508664,0.054749323,1.108832191,1
-1.242517274,-0.361730722,-1.185390653,0
-1.470084665,0.738592823,1.255731721,1
2.268825372,0.445055254,1.299110337,1
-1.235286926,2.428493797,1.268600205,1
-0.301718227,0.88179568,0.332538771,1
0.275960177,0.365044327,-0.993057487,0
-2.220057362,1.001104456,-1.117385969,0
2.552193478,-0.494944734,-0.821925805,0
-4.270186051,0.432298654,-1.161845253,0
-0.856909016,-0.609268415,0.665811957,1
-1.688513745,0.510386937,-1.082389996,0
2.85208133,0.427000186,-0.77959738,0
4.73140073,-0.664884522,-0.936502162,0
1.983698579,0.111968303,0.927536183,1
0.030435896,0.957734663,-1.013177115,0
-0.645209911,-0.483735292,-0.989319748,0
-7.749544917,1.773971084,1.101203606,1
0.549044051,-1.012279393,1.400649492,1
4.561917669,0.710311017,1.295254945,1
-4.895875188,-0.705805658,-1.210887123,0
0.270700351,0.616890468,-0.985280713,0
0.321016978,0.221685571,-1.089508741,0
-0.251235518,0.990990741,-0.836146704,0
-4.91726606,-0.836198627,0.543101254,1
5.311399246,-0.531002979,0.498553181,1
-2.975981317,1.309187377,1.393558388,1
-1.409059831,-0.551189542,-0.878143955,0
4.574745706,0.975077068,0.767905708,1
0.42219917,-1.57222217,-0.834255737,0
0.589233119,1.001250677,-1.271819685,0
4.689982347,-1.541303711,-0.994899027,0
3.534936723,-0.67165326,1.565788619,1
2.338596655,-0.384838905,0.369479102,1
3.850395611,-0.061378362,1.060953408,1
-4.877523491,-0.158899906,0.594122204,1
-3.380837049,0.356362487,-0.862080788,0
0.992151508,1.040088747,-0.754575708,0
-1.879179957,-0.429909346,0.228392003,1
2.963575102,-1.006449321,-0.931433104,0
-0.804510824,-0.246702188,1.354181233,1
-1.91626112,0.376508055,-0.754359796,0
-3.630181167,-0.863207936,0.70395395,1
-2.958223784,0.599625938,-1.209496167,0
0.944027783,-0.215336953,0.890383041,1
1.488658939,-0.24332622,1.560793155,1
-4.187671795,1.200210266,-1.116640456,0
5.287699474,-0.222666707,0.883253363,1
-0.564898566,-1.769319177,1.271192589,1
-1.22327786,-1.771728848,-0.720315381,0
5.332001983,0.327467522,-1.144929015,0
0.274847853,-0.593250982,-1.222967638,0
-1.577776765,1.054554309,-0.827008619,0
0.721331014,0.888605557,-0.690861622,0
-3.341950533,-0.235885742,-1.030696684,0
3.370501984,0.270284012,0.825509438,1
1.005361841,-0.062686857,-1.216513579,0
0.557742471,-1.667820199,1.219065307,1
0.139902076,-0.11374372,-1.100031641,0
3.932203591,0.244465351,-0.920346443,0
5.070766779,2.396220322,1.608919212,1
0.083232497,-0.01236767,1.510104123,1
2.554640459,-0.011487706,1.281948358,1
-1.485327523,0.084020665,1.23939651,1
-2.325830121,0.768093615,1.075367068,1
-4.962157097,0.261082277,-0.847876147,0
-2.697443343,-2.309509419,0.872754001,1
-3.573877431,0.276856967,-1.280675389,0
0.599572094,-0.065899288,1.03865866,1
2.045788616,-0.354725301,-1.232969567,0
-3.198950541,0.246973741,1.463048902,1
2.856580232,0.041532053,1.443590955,1
-4.976240098,-0.931515916,1.193862592,1
-3.892792033,-1.680617014,-1.144875453,0
0.339756941,1.410461921,1.200608117,1
5.198057919,0.266434845,-0.7559856,0
-1.067100859,-0.838531173,-0.790297908,0
-3.339306811,-0.315163135,-0.925377351,0
1.738132414,0.469200181,1.333618761,1
2.955609548,-0.515175528,0.828985448,1
-2.260263716,-0.057819312,1.274410548,1
3.864952187,0.839667291,1.075944982,1
1.814048384,-0.979776096,1.13997162,1
3.635782534,-0.168893568,-0.964694942,0
5.683896114,0.355343646,-0.747914304,0
-0.121267656,-1.02422425,-0.877292918,0
1.903549771,0.643658797,-0.930022259,0
-1.334906118,-0.141538472,-0.723840087,0
2.499268947,-0.460390499,-1.048526311,0
2.149531554,1.263730796,1.820354449,1
-0.234769606,1.023716659,-0.849036215,0
-2.487678981,-0.185681397,1.107851286,1
-1.774071801,0.791689453,-1.050862745,0
3.534524494,-0.558669721,-1.177104312,0
2.123166462,-0.843851048,1.21798577,1
-3.854819738,-0.27465411,-0.895903564,0
-5.760507182,1.240362844,1.011328444,1
-2.500785443,-1.750102087,-1.060987987,0
1.072248203,-1.523512244,0.525306767,1
-3.585333091,0.941015907,-1.309382986,0
-3.370427505,-1.70330571,1.106122942,1
-1.53089339,-0.700968401,-0.964008314,0
-0.790843946,-0.893883937,1.433847876,1
3.705860415,0.298946399,-1.185749638,0
-4.720371216,-0.565155552,-0.902693663,0
2.244823002,-1.070391624,1.009823596,1
0.712089081,2.829020661,-0.831557476,0
-2.336659552,0.228466522,1.236899896,1
4.480685912,0.082644576,-1.258399725,0
-0.625702417,0.657092561,-1.123179269,0
0.476398096,0.537049072,-1.270551361,0
4.147497036,0.275955239,-0.949364193,0
-4.325231012,0.844551395,0.695969095,1
-9.136006741,0.973704645,1.376142401,1
-2.674012901,0.847994235,1.047241679,1
-2.944286713,-0.506246702,-0.824569098,0
3.58701882,0.500144651,-0.915082808,0
3.224880378,-0.512324033,0.982379617,1
0.529566995,-0.171647483,1.147305641,1
-2.22906841,-0.109293877,-0.821506792,0
0.805773614,-0.410646744,-1.11273541,0
2.67673996,-0.940229512,-0.717757516,0
4.429332751,0.603966832,-1.012594832,0
0.202543049,0.40448571,-0.911876634,0
-3.418922837,0.761752432,1.130266224,1
-6.521770902,2.086868679,-1.072373891,0
-2.209555464,-0.417826547,0.60883644,1
0.429313813,0.089715088,0.761219134,1
-4.377183273,0.988366156,-0.97219227,0
4.740441324,0.955598147,-1.310324882,0
-1.912754372,0.283050972,0.575879212,1
-4.032914034,1.024018941,-1.267316747,0
2.170190726,0.164063181,1.589945108,1
0.544246055,-1.955243631,1.339894512,1
-0.221098515,0.078644239,1.928879537,1
4.112063566,-1.119768119,1.162836541,1
-5.030409742,-0.032887308,0.47047745,1
-5.628907414,0.303658639,0.717640354,1
-0.208706266,1.195454242,-1.127269552,0
-1.830457821,0.407654348,1.194459696,1
3.59005218,1.227587277,-1.217510178,0
-2.907989919,0.651167688,1.496673217,1
-2.874654329,0.503379996,-1.2185129,0
-3.208710148,1.124208041,-1.133149094,0
-3.250276885,-0.833615114,1.181350917,1
1.345096817,-0.301348164,-1.162806075,0
2.970527878,0.358444659,1.251698957,1
4.819143638,0.172843739,-1.124844125,0
6.98603863,1.434361666,-1.135433067,0
3.618736753,-1.236391031,0.823211332,1
2.679266836,-0.235030274,-1.07911347,0
-1.522339838,0.11868585,1.708328792,1
1.055675795,-0.410768803,1.404767064,1
-2.6631744,-1.228965929,0.854631873,1
-0.903473082,0.942078525,1.00815944,1
0.032912793,-0.811631789,-1.252295182,0
-2.522679243,-1.898986656,0.835702661,1
1.745670954,1.120865108,-0.806851541,0
1.877280989,0.966036932,-1.1488238,0
6.099523358,-0.677782124,-0.763022551,0
-2.506572823,0.501012544,1.428216691,1
1.820754066,1.301828372,-0.82946682,0
5.677973226,-0.347561938,-1.030296559,0
2.197492731,1.892743322,1.266275703,1
2.619451622,-0.361071716,0.778858748,1
1.469733273,0.644146584,1.094818824,1
-0.485623556,1.173511289,-1.224339859,0
-3.354090662,1.183523812,-0.803765627,0
-0.377865297,0.018788546,-1.049530708,0
1.207377174,0.691796358,0.524891012,1
-0.006018356,0.690160089,-1.056571319,0
-1.574872143,-0.438750128,0.855135921,1
7.175274586,0.96149366,-1.047510098,0
6.493907147,1.146541737,-0.933622886,0
-1.564942732,-1.337112858,-0.96624531,0
-3.900592451,-1.890987929,-0.993613193,0
1.627035058,0.689206392,-0.845044839,0
-5.114180126,-0.951030887,1.259292795,1
-0.745818764,1.212348061,1.312301891,1
3.017344567,-0.944577206,1.09277234,1
-5.930843923,-1.08314877,-0.744697122,0
1.3601811,1.692275696,-0.963021876,0
3.25804543,-0.64563674,-0.685554214,0
-1.211448167,0.543808785,-1.156390791,0
-0.521220995,1.271290986,1.869737772,1
0.80174138,0.943510987,0.929367144,1
5.374367824,0.497812179,1.043681923,1
2.630366594,0.458264768,-0.997006879,0
3.712832334,0.895890441,1.562792525,1
1.406388942,-0.745488842,-1.16843952,0
1.946462235,0.528220067,0.333647746,1
1.765380415,-0.952645525,-1.019869635,0
-4.098392786,0.082949664,-1.099819632,0
1.611208341,-0.188407968,-1.054484083,0
1.027970432,0.613638886,-0.715101407,0
0.705801782,-0.331357119,0.680020708,1
-1.205294945,-0.11168661,-1.081514087,0
2.901495563,-1.035977771,-0.97764574,0
3.004793408,-0.458313972,1.892629626,1
-1.049530246,-0.87070833,0.877795273,1
1.163117999,1.265451308,-1.114130008,0
-0.693315387,1.154740929,0.840727337,1
-0.87037222,-0.851747482,-1.123633406,0
0.716057927,1.289477893,-1.049453929,0
2.411428482,1.378461877,0.942744987,1
3.0331323,-1.082964166,-1.174007719,0
0.387129161,-1.787149613,-1.372042668,0
0.870612984,-1.160614708,0.695942904,1
-0.400479424,0.641543193,-1.280158564,0
2.335262139,0.677773846,-0.967971449,0
-1.394075305,-0.694821536,-1.129396128,0
-0.278078215,-2.696713033,-1.151954893,0
1.776085328,0.652113842,-1.123166475,0
-9.475619336,0.148044099,-1.163938881,0
1.572646509,-0.327206439,1.01367434,1
1.860712018,-1.4183479,-1.042338054,0
-3.668917545,0.35365202,1.388249094,1
2.139100388,0.092178942,-1.05087827,0
2.630578877,-0.690383886,1.048371527,1
-1.082986199,0.362770055,-0.935143946,0
-1.042054346,1.343413995,-1.061195089,0
-2.549158534,-0.641583218,-0.714264072,0
2.277888424,-0.653382809,-1.041035629,0
-0.929244743,1.304507493,1.488914004,1
-3.345113919,0.169667874,1.10755651,1
-3.072745498,2.887944484,1.773606886,1
1.485397805,-0.481595257,-1.161344528,0
-3.122144424,0.05725857,1.341364562,1
-0.109385106,0.208013402,1.29686702,1
2.427148604,0.070779979,0.464637199,1
-3.011576688,-0.35616914,0.607165271,1
5.31366192,-0.321454526,0.5803017,1
-1.787058373,1.676370975,-1.327996588,0
2.82064268,0.425874305,0.566633686,1
-6.346304406,1.473725853,1.137972919,1
-1.895119944,-1.171912992,0.813686628,1
-1.466004694,1.574810526,0.588588918,1
1.551890889,1.635432222,-0.852396611,0
-0.25769861,0.039353353,-0.754374326,0
2.362665721,-0.34388368,-1.217243193,0
3.413321235,1.103897894,-0.984716083,0
-7.163501221,1.834769752,-1.117636246,0
-4.156225911,0.719196396,-0.986167855,0
4.698646717,-0.941298426,-0.479432639,0
-0.200842757,-1.57858524,0.948789064,1
-3.247174576,-0.549055409,-0.780371897,0
-1.583500181,-1.135388246,-0.937394917,0
3.464610526,-1.581664679,1.603356924,1
5.299874049,2.397899558,-1.136996833,0
-4.085406094,-0.004973548,-1.092359269,0
-3.63423278,0.780986425,-0.982899312,0
2.577599,-1.401496183,1.26895051,1
2.586481031,-0.44953685,-0.834980253,0
1.243520582,-1.181675865,0.773419418,1
-4.966700408,0.226895218,-0.968343452,0
-1.922709745,0.599951289,-1.040689615,0
0.197798282,0.478092862,0.398216418,1
0.762921312,-0.981165076,1.140312222,1
3.042190272,0.522247623,-1.260930328,0
1.13774059,0.950869858,0.074572549,1
-0.816170249,-0.045187132,-0.869627425,0
-1.44080349,-1.034511784,-0.836972617,0
2.124154812,-1.183529586,-0.879096881,0
2.324945698,-1.214209668,1.15633887,1
-4.280741988,1.027787635,-1.199563142,0
2.442218486,-0.772976172,1.153180497,1
-1.010229145,0.554783759,-1.20282107,0
-1.170641207,-0.485445984,-0.930195608,0
-1.434708779,-1.079593418,0.648219731,1
3.669130977,0.799013672,1.11384605,1
-0.175954689,-1.207421522,-0.879427673,0
-2.088946839,-0.283633973,0.825605714,1
-2.310008669,1.238382658,0.688283293,1
-2.511404091,0.237409691,0.531876972,1
1.793185882,-1.584515584,-1.194079878,0
1.958819276,-1.868119701,-0.738797194,0
-0.106534971,2.239351567,0.801236981,1
-0.559581176,1.235597942,0.252937862,1
2.162850853,0.495234131,-0.915066773,0
0.678698278,0.388536788,-1.097477477,0
-0.847448413,-1.548319922,1.344211914,1
4.069281474,0.813480428,0.609732858,1
-0.586348698,0.342698861,-1.044128211,0
5.583558491,-0.177735526,0.797038885,1
-2.330980426,1.046004308,1.649556785,1
-5.586842918,0.805117879,-1.021721522,0
4.009122489,1.646657449,1.377872602,1
0.740306534,-0.903902972,0.907491343,1
-1.786626002,1.915378672,-0.950931519,0
-0.482550046,0.840507451,2.059942865,1
-4.900721183,0.329472949,0.774684333,1
-4.763052134,0.208909868,-0.993309545,0
-0.733386995,-0.944304843,-0.860311293,0
-2.400149227,0.407690235,0.852665338,1
2.617362004,-0.028074233,-0.972423435,0
0.401943512,0.334935929,-0.908769533,0
-2.057251591,1.16311327,0.965693797,1
-0.302255458,0.941288003,1.452635098,1
2.018428193,0.526889793,1.627815975,1
-2.405998694,-1.144917982,0.574805065,1
-3.101051938,-1.983019138,-1.236330667,0
0.39819068,-1.389438402,-0.967191943,0
4.067161896,-1.319044052,1.086259972,1
5.609133808,-1.17617561,-0.983446925,0
-0.754090781,1.412523592,1.251071306,1
-2.351798198,0.45590698,-0.875265844,0
-1.791895528,0.019857483,-1.297719644,0
-1.471506674,0.90693312,0.559627967,1
-0.366955404,0.316617275,-0.95221078,0
3.339113745,-0.058851804,1.829738878,1
5.098834197,-0.005093626,-1.143358896,0
3.013289202,-0.194990731,-0.854354977,0
0.587628415,-0.650968919,-0.971451578,0
2.741799312,0.8992322,-1.021856619,0
-0.921686318,-0.236111659,0.870475041,1
-6.243990541,1.405798977,-0.964114984,0
1.458433337,-1.016360684,-0.895740117,0
-0.075752594,0.700169252,0.764470593,1
-2.404249327,-0.73620345,-0.795229389,0
-1.934742753,-0.952948073,0.477116419,1
1.109696706,0.882636262,0.453175453,1
-5.30383577,0.811605495,1.200926953,1
-2.782156413,1.170435442,-1.034254117,0
-0.151245447,0.539749216,0.93220322,1
1.999476529,2.296716051,-0.907045635,0
-3.355824888,-0.148754467,0.753096483,1
-3.533736942,0.526501396,-1.115166055,0
0.769972794,-0.683945362,-1.29578151,0
0.59121684,0.835271557,-0.865481906,0
-2.213892185,0.273706945,0.582443632,1
-4.359359023,0.854557664,-1.376884071,0
-2.303686188,-0.633777925,-1.168974964,0
-1.787489462,-0.354299252,-1.162861564,0
-0.440853177,-0.1662735,0.56170322,1
0.614364596,0.797129413,1.147684407,1
-1.444520291,-0.853785591,1.204661596,1
-0.019099094,1.514473709,0.920699107,1
-1.507325373,2.038713646,-1.012714098,0
-4.636184576,1.456652869,1.093412195,1
3.484504014,-0.379041249,1.162982284,1
0.168253891,0.133428817,0.971885849,1
3.860709605,-0.0268922,-0.971337589,0
2.235392247,0.143485278,0.791520303,1
-6.134605938,0.349168813,1.00340287,1
-7.551081724,0.602749878,1.154881726,1
4.281041502,0.090467465,-0.771747628,0
-7.327793432,1.199161572,-0.83569843,0
-2.11020361,0.717132568,-1.109842626,0
-0.909653381,-0.569660654,-1.154585942,0
-1.379514626,-0.429349783,1.244431874,1
-1.809766451,-1.237427275,0.907914473,1
1.729542398,-0.01134665,1.269549596,1
6.448564661,-0.433682911,-0.751539952,0
-2.038646607,1.469785105,-1.177822308,0
2.549867694,1.428433432,-0.823477691,0
1.955684979,2.258001609,1.439891516,1
0.655714866,-0.643999574,1.142389065,1
0.26847704,0.76413122,-0.799891548,0
1.460543566,-1.389024517,-1.189573213,0
-1.888343892,2.118778951,-1.067590935,0
-2.214304613,-1.084242847,-0.844269038,0
-1.708981809,1.07594816,-0.999748614,0
-4.179302787,-0.973694158,-1.062343736,0
6.93509641,-0.607604625,-0.792063564,0
0.360126993,-1.891498921,-1.007530758,0
-8.822798953,-0.37346591,0.754792917,1
5.934109347,1.066258767,1.153584128,1
-9.794327719,-1.461189188,-1.089428677,0
-5.885256765,-0.843638429,-0.991856353,0
2.321913979,-1.028198575,1.022539735,1
4.548431412,-1.172446369,1.41360162,1
-1.679302343,1.2702307,-1.004331346,0
-3.361814658,-0.296878398,-0.819737596,0
-1.859524083,-0.042924587,0.28905715,1
-5.559077403,0.462413577,0.476499825,1
1.70766163,-0.448437854,0.913175035,1
3.267017874,-0.407070172,-1.122928646,0
2.655691232,0.15141188,-0.900766051,0
-1.970008195,0.922307722,1.048589743,1
-3.353337916,0.129492442,-1.14944991,0
3.045696145,0.284140027,-1.039182573,0
0.265888106,-1.615448129,0.745859536,1
0.286395041,-0.512615053,-1.016603448,0
-1.684798944,-0.200837743,0.933602322,1
-3.469558135,-1.047092455,1.399460843,1
0.573313476,0.636940057,1.031246807,1
1.883678984,-0.422458241,1.139510074,1
-0.131277442,-0.646070454,-1.10997319,0
-0.93771282,-0.120604108,-1.006610259,0
1.481210418,-1.180314452,0.871074929,1
2.242594744,0.762946366,1.083618346,1
1.030890277,-0.106596543,-1.087711934,0
-0.439822905,0.847695995,-1.364229153,0
-2.578005022,0.241412095,-0.965359359,0
-2.936546984,0.310152699,-1.24804193,0
0.325497344,-1.269926776,0.875929696,1
2.646894127,-0.353406143,-1.229693963,0
-0.739484594,1.266456075,-0.731265317,0
1.711603651,0.221724087,1.130582791,1
1.248073303,0.445852933,1.09892822,1
-0.019900316,-0.178199027,-0.982909108,0
4.801841318,0.242694393,1.1484887,1
5.005293555,-0.77856778,0.817561134,1
3.86819323,1.075929954,0.533266058,1
-0.701239008,-0.034850101,1.202074003,1
-0.296041031,-0.565828766,1.136217667,1
3.308130247,-0.467537954,1.231721916,1
-1.883837439,0.578062701,-1.032050694,0
0.14127357,-0.0272519,1.101022181,1
-3.14422256,-1.833900556,0.616219011,1
2.235114915,-0.847751851,-1.158292882,0
-2.232239061,-1.779512919,-0.675125384,0
-0.826336557,0.308921693,-1.120337102,0
1.164989595,-0.376669523,1.174712641,1
1.66019535,-1.183243424,-1.213364483,0
0.911289431,0.250976762,0.757615928,1
1.196100138,0.349127092,-0.936819249,0
-4.929939157,-0.335954819,-0.920687764,0
3.083254974,-0.314812696,-1.025306048,0
8.254440746,0.70472237,1.462600041,1
-3.31017712,-0.036482205,0.502555836,1
0.577479289,1.746465383,-1.167388599,0
-1.588348017,-0.505835815,0.640143374,1
-0.41548012,-0.318258295,1.108066138,1
1.105932589,-1.162749453,-0.961396396,0
6.185821132,-1.406102384,-1.285653358,0
3.775036258,-0.340429179,0.866742145,1
-2.09666463,1.317321624,-1.079108024,0
-0.103374755,1.238122443,1.106036532,1
0.938686395,0.27701985,0.246458331,1
2.672557022,-0.652636702,0.672330934,1
4.489418567,-0.441996629,-1.146831599,0
0.411988607,-0.86637353,-0.888720092,0
-3.450908833,1.663694171,1.355199462,1
-3.042979693,-0.001928951,0.904181146,1
0.655538064,0.6510332,-1.116879313,0
-1.849274015,-0.012394209,-1.130495434,0
-3.735296027,0.147502054,1.376078258,1
1.417973786,0.499743705,-1.045848586,0
1.376764712,0.248709768,1.882272107,1
1.024941846,0.151410127,1.06948329,1
-2.995994163,0.079723808,-1.14332899,0
9.071051368,-1.1334018,1.619327287,1
1.794773169,1.396361475,-0.979777823,0
1.434908871,-1.282143563,-0.825638861,0
1.94452887,2.37871668,-0.959899616,0
-0.625184527,0.535084554,0.933181641,1
-0.089210373,-0.131858073,-0.821446369,0
-1.95069946,-0.783005589,-0.637517717,0
1.65919423,-1.362240812,1.599573488,1
-3.416311595,-0.336650321,-0.819646811,0
4.589710649,0.098129771,0.654711067,1
-2.560116162,0.601265142,-1.051792022,0
-3.79054462,0.072525499,0.638652691,1
-2.690876374,-0.825875198,0.562557343,1
-0.824916807,-0.039388993,-0.988723658,0
6.304962217,-1.505483704,-1.304799058,0
2.919954878,-1.372191099,-0.896042972,0
-0.06810686,1.688331542,1.093938701,1
5.177638509,0.103725836,1.0862067,1
-2.960492572,-1.75416115,0.668664824,1
-0.92551907,1.760032844,-0.649854384,0
-2.260845394,-1.640609866,0.934775174,1
-4.348264166,-0.542105929,-0.765550174,0
2.144317921,-0.135923598,-1.00654356,0
-1.420830864,-0.685430068,1.305261002,1
-0.239647002,-0.407663444,-0.995009995,0
-4.08558588,1.303850108,-0.730786507,0
1.195277005,0.619361388,0.019796871,1
6.062865955,-1.825643772,0.860291052,1
-2.415954147,-0.155019642,0.750615745,1
1.360973688,-0.631501698,0.510933701,1
1.09112438,0.83641631,1.15162595,1
0.009813487,-0.780810214,0.220370197,1
0.244998537,1.416657157,-0.870818902,0
5.749710277,0.236687602,1.426341677,1
3.945882048,-1.06654752,1.092795532,1
-0.564955104,-0.909632457,0.828821123,1
4.728576542,0.263124159,-1.069413329,0
-2.479262572,-0.265703374,0.853971909,1
3.074556072,-0.535263722,-0.828467589,0
0.832119557,0.431105872,0.777003277,1
-4.189274191,0.266349229,1.061739167,1
-4.988122271,-0.276329222,1.1723602,1
-5.089686898,-0.619629592,-0.960452639,0
-1.237819458,-0.12448825,-0.918761464,0
-2.720875679,-0.009571493,-0.981605361,0
-0.139790329,-0.092790407,0.599869954,1
1.498458157,-0.237527089,1.353227669,1
-1.034732107,0.699542155,1.384219822,1
1.021333849,-1.866200485,0.744897688,1
2.71798349,2.01457283,-1.290787769,0
-1.811474452,1.295391382,-1.079103055,0
-5.033312387,0.396498023,-1.104777524,0
2.410144228,0.904838603,1.062750654,1
-0.453820913,-1.527395575,-0.926558339,0
4.000701732,0.300425455,0.685400287,1
1.625352669,1.833111093,0.980735091,1
-1.198730572,-0.339883468,-0.04288413,1
0.123070104,0.430286422,-1.119096006,0
-2.940424569,-0.574538058,-1.014085115,0
-3.81667708,-0.075329049,-1.457580174,0
-1.085036073,1.218750553,0.74947859,1
0.853898506,0.272768966,-1.184932788,0
1.247736234,-1.730353248,-0.80478489,0
-4.140872278,-1.969767057,1.099097355,1
2.236985818,1.013988904,-0.858430204,0
7.129633523,-0.16414964,1.146698779,1
1.632343434,0.345652391,1.043637274,1
-2.275659169,0.594465443,0.656908546,1
0.882378561,-0.602338354,-1.099281726,0
-2.776722065,1.472961732,-1.37862163,0
2.821752349,0.699087672,1.302914234,1
2.362772894,-1.121960851,1.108483755,1
3.894105934,-1.698592655,0.644526199,1
2.796773177,1.742724887,-1.024760619,0
-0.09959028,0.651423625,-0.031390596,1
3.894789843,1.435457001,1.301213902,1
-3.427641716,0.232093416,1.246428439,1
6.90734564,-0.568798887,-1.054215049,0
3.358053442,1.353517974,-1.108256002,0
-3.459309858,-2.488516054,0.968646748,1
0.535779332,0.569823342,-0.873763512,0
1.339331318,-1.456672569,1.323327446,1
0.745876998,0.60721674,-1.023808112,0
0.198882919,-1.391731157,1.17334867,1
-0.729857055,0.942780497,-0.936087588,0
1.982987991,-0.401837592,0.635377246,1
-0.604109159,-0.560382743,0.834809978,1
-0.089855216,-0.565531451,-1.050413891,0
-0.326180982,-1.817903247,0.744760878,1
0.359826099,0.127644753,-0.926832319,0
3.752042229,1.016625758,-1.435066025,0
3.284565336,-1.180242223,-1.103715654,0
0.762939518,0.713700094,0.713190501,1
-1.064634653,-0.563830725,0.837367656,1
4.794430047,-0.828249959,1.002431741,1
1.229884898,-0.579529818,0.764467143,1
2.976363227,-0.063285893,0.931016687,1
2.309239383,1.938095791,1.816854965,1
0.816690346,0.869316382,-1.107130785,0
3.485875478,0.049358823,-0.892794776,0
-1.726529893,-0.075008907,-1.292583307,0
4.289661959,2.914113554,0.927934506,1
-5.435873595,0.366577267,1.174344939,1
1.114315756,0.578812556,0.479364967,1
0.053180851,0.908575774,-0.726882712,0
-0.046642361,-0.822030577,1.229245438,1
0.530323656,0.974496668,1.038318573,1
0.669068678,0.353381846,-1.330994654,0
-1.661862743,1.67196827,-0.847563803,0
3.189509501,-2.115968802,-1.109349462,0
-0.231718747,0.361130581,1.485902726,1
-0.169210367,1.115115985,0.624437315,1
1.397575695,0.932978958,0.919620193,1
-3.232654001,-0.225155333,0.450158063,1
-1.781484259,-2.061989222,-1.034667235,0
3.675215023,0.519289624,-1.195092573,0
4.151159625,-0.487768451,-1.189519271,0
-2.769040061,-0.393234682,-1.099223845,0
3.10586556,0.287257094,-0.914194302,0
-1.370088048,0.011701384,1.205991446,1
4.229410009,1.805052703,-1.071654486,0
-1.193510484,1.193649071,1.444911037,1
-0.204195249,0.406180066,-0.72250052,0
0.668435546,-0.514032834,-0.916545178,0
-0.027800146,0.04422204,0.911250598,1
-4.820274426,-1.685108122,0.956753452,1
1.619767655,0.70555339,-0.85917047,0
-1.375768162,-0.395884689,1.697644885,1
-3.097473181,0.453733713,-0.921071871,0
2.089496643,0.643837156,-0.855700643,0
8.828352604,-1.232271689,-1.026909911,0
0.503764394,1.742651764,0.871387443,1
-0.256642938,0.157197187,-0.890448732,0
9.087210055,-0.439166493,0.888257204,1
-1.514018858,-0.611987525,0.353858942,1
-0.582421461,-1.039087777,-0.893637291,0
-3.227404541,0.764886421,-0.922388777,0
2.367323078,-0.082697803,-1.152249124,0
1.0032308,0.391075255,-1.627253003,0
-0.683569073,-0.854266226,0.856667557,1
2.780409565,-0.287869001,1.536987298,1
2.05515945,0.243776327,1.037511546,1
3.565432799,-0.104987051,-0.983460034,0
2.960336759,-0.799542749,0.549023065,1
-2.921752247,-0.213285347,-1.102399578,0
-5.957867086,-0.037234331,1.333793456,1
2.171329503,-1.141315544,-0.977596651,0
-2.037142083,0.868130348,-0.841000547,0
-7.513753792,1.135556183,-1.044902895,0
-2.290424407,-0.519015469,1.215640436,1
-4.409400183,0.227100832,-1.070222699,0
2.47182567,0.058322119,-1.021346658,0
-1.779427198,1.53461382,1.394478416,1
0.350041223,1.015189491,1.141661026,1
2.195462759,-0.844822663,1.313823496,1
-3.61929122,-0.414987016,-0.910683833,0
5.723730591,0.16932231,0.708441643,1
0.749781159,0.804761003,1.078643452,1
-0.737562896,-1.952976745,0.600668374,1
-2.914253433,0.475274769,1.06782842,1
2.926839165,-0.36240087,0.965641329,1
5.078683074,-0.603053069,-0.997640753,0
-7.185948634,-1.318116247,1.049805999,1
-1.596114484,0.360491727,0.688139052,1
4.572279815,-0.386989457,1.297031118,1
-1.526280446,1.815624113,-0.769627301,0
-0.910080942,0.341962139,1.00430939,1
-0.831787187,1.157339305,-0.370209916,1
1.807728273,-0.162457627,-1.050474778,0
-2.672820196,-0.712561137,0.683767174,1
-0.344755031,-1.252485067,0.272256894,1
-3.462309171,-0.368151574,-0.971650455,0
0.302012755,1.35748053,1.36354095,1
1.266935107,0.293057857,1.273106384,1
-0.569758421,-0.395491421,1.197272456,1
5.135895354,0.774498748,1.286433931,1
2.587162927,0.886915872,-0.82091222,0
1.855671808,-2.455350796,-0.948367767,0
-0.972055838,-1.147605518,0.292612484,1
-0.265548763,-1.249918767,0.066423434,1
0.553489186,-0.860627055,-1.071075447,0
4.973087099,-1.51584671,1.260787846,1
0.947392104,0.466315315,-1.189106691,0
1.27092737,0.491863793,1.324372624,1
0.61662477,-0.167901834,0.752364472,1
-1.253792217,0.517104095,0.852081861,1
5.127130543,1.941871166,-0.878154933,0
0.395681104,1.142310009,0.892124355,1
-2.436762267,1.043691747,-0.994614117,0
0.637937386,-0.023612359,-0.840893375,0
1.247036286,0.147644131,1.192044059,1
-4.506568402,1.209130844,1.548907602,1
4.614754893,-0.728070267,0.837603502,1
1.484029958,-0.500720777,0.846704202,1
1.725565871,-0.458737713,1.055547073,1
1.122345777,1.397120274,-1.035875641,0
2.098122646,-0.043898353,1.12149435,1
-0.320524955,0.647892176,-0.764127518,0
-0.361599051,0.548852412,-1.047826374,0
3.863949571,-1.593477299,1.229707661,1
-2.325524345,-0.797216479,-0.824040072,0
0.889644894,0.054658427,1.401699638,1
-3.571954578,1.138953092,-1.037262935,0
0.936992865,0.237673256,1.691333744,1
-0.752288435,0.265947129,-0.968910377,0
-2.476422352,-0.331317415,0.731923143,1
5.464039699,-0.563627156,-1.174560676,0
3.43447012,-0.255099944,1.186037582,1
5.531406621,0.286366148,1.488949507,1
0.813010778,-0.123453378,-1.078667992,0
-3.88222902,-1.959825393,1.304508639,1
-0.625336044,1.527411255,0.436510029,1
6.588101069,-1.04983438,1.323638754,1
-0.468006431,0.397674239,0.550167305,1
1.039712057,1.060311084,0.746070001,1
1.842356675,-0.154053145,1.236330498,1
-4.479904965,-0.018007872,1.122307808,1
1.833990478,-2.051312016,0.666768142,1
1.403996573,0.772795336,1.633276225,1
-0.094497184,0.828482675,1.261136336,1
-4.296519198,-0.972185516,0.991107277,1
-0.461363019,-0.448569309,0.704076397,1
0.160264193,0.098326843,0.142412811,1
2.834562611,-0.340857619,0.849111061,1
0.753302308,-1.426796031,-0.954140904,0
-0.790060321,0.601029706,0.694146676,1
1.579587144,1.65342362,-1.09553697,0
-3.409924952,0.861232168,0.811248651,1
1.093357742,0.262886585,-1.130232404,0
5.955242829,1.762929304,1.752712467,1
0.235557829,1.045529018,-0.747191228,0
0.412066793,1.120676695,0.581511258,1
-5.353322973,-0.057502255,1.166410847,1
-1.034810262,-0.01051079,-0.951220649,0
2.011921955,-0.085383463,0.714297023,1
-0.420220678,-0.954566755,0.909250418,1
0.099896372,1.423095522,1.135062014,1
2.546833035,0.186148798,0.746761448,1
0.662155128,-0.5429918,1.146188543,1
0.385452934,0.392990359,0.535018796,1
1.211441354,-0.236016358,-0.755652127,0
-3.680138772,0.966962075,-0.904336697,0
-4.063899613,0.802610899,1.02370781,1
-0.814429665,-0.693944802,0.876776343,1
-0.325121554,-0.759023714,1.299772419,1
-1.503430559,-0.269458377,-1.124389722,0
